date,precipitation
2013-01-01,6.4
2013-01-02,11.5
2013-01-03,5.0
2013-01-04,6.5
2013-01-05,2.0
2013-01-06,0.0
2013-01-07,12.0
2013-01-08,1.0
2013-01-09,17.5
2013-01-10,34.0
2013-01-11,31.5
2013-01-12,6.5
2013-01-13,3.6
2013-01-14,0.0
2013-01-15,8.5
2013-01-16,0.0
2013-01-17,2.0
2013-01-18,1.0
2013-01-19,11.5
2013-01-20,1.0
2013-01-21,0.0
2013-01-22,0.0
2013-01-23,0.0
2013-01-24,0.0
2013-01-25,0.0
2013-01-26,0.0
2013-01-27,0.0
2013-01-28,0.0
2013-01-29,0.0
2013-01-30,0.0
2013-01-31,0.0
2013-02-01,0.0
2013-02-02,0.0
2013-02-03,4.0
2013-02-04,1.0
2013-02-05,0.0
2013-02-06,32.4
2013-02-07,0.5
2013-02-08,8.6
2013-02-09,19.2
2013-02-10,64.0
2013-02-11,56.0
2013-02-12,34.5
2013-02-13,4.0
2013-02-14,2.4
2013-02-15,4.0
2013-02-16,5.6
2013-02-17,0.0
2013-02-18,0.5
2013-02-19,0.0
2013-02-20,0.5
2013-02-21,0.8454301075268817
2013-02-22,1.5
2013-02-23,105.5
2013-02-24,5.6
2013-02-25,0.0
2013-02-26,10.0
2013-02-27,2.5
2013-02-28,1.0
2013-03-01,0.30147058823529416
2013-03-02,0.0
2013-03-03,0.0
2013-03-04,0.0
2013-03-05,0.0
2013-03-06,0.0
2013-03-07,0.0
2013-03-08,8.0
2013-03-09,0.7
2013-03-10,0.0
2013-03-11,0.0
2013-03-12,0.0
2013-03-13,0.0
2013-03-14,0.0
2013-03-15,0.0
2013-03-16,1.0
2013-03-17,1.5
2013-03-18,0.0
2013-03-19,0.0
2013-03-20,0.0
2013-03-21,0.0
2013-03-22,0.0
2013-03-23,0.0
2013-03-24,0.0
2013-03-25,0.0
2013-03-26,3.0
2013-03-27,0.0
2013-03-28,0.0
2013-03-29,0.0
2013-03-30,0.0
2013-03-31,0.0
2013-04-01,0.0
2013-04-02,0.0
2013-04-03,0.0
2013-04-04,0.0
2013-04-05,8.0
2013-04-06,3.0
2013-04-07,36.3
2013-04-08,91.5
2013-04-09,0.0
2013-04-10,0.7
2013-04-11,2.5
2013-04-12,2.371621621621622
2013-04-13,2.0
2013-04-14,0.0
2013-04-15,2.9
2013-04-16,0.0
2013-04-17,0.0
2013-04-18,17.5
2013-04-19,0.0
2013-04-20,0.276094276094276
2013-04-21,0.9966329966329964
2013-04-22,2.0
2013-04-23,4.0
2013-04-24,0.0
2013-04-25,0.0
2013-04-26,0.0
2013-04-27,0.4
2013-04-28,29.0
2013-04-29,0.0
2013-04-30,0.0
2013-05-01,5.25
2013-05-02,10.5
2013-05-03,4.9
2013-05-04,2.9
2013-05-05,0.0
2013-05-06,3.5
2013-05-07,1.0
2013-05-08,14.0
2013-05-09,0.1
2013-05-10,0.6
2013-05-11,5.0
2013-05-12,0.0
2013-05-13,0.0
2013-05-14,0.0
2013-05-15,16.0
2013-05-16,16.1
2013-05-17,8.713750000000001
2013-05-18,0.9
2013-05-19,0.4
2013-05-20,0.0
2013-05-21,33.5
2013-05-22,3.5
2013-05-23,0.0
2013-05-24,5.5
2013-05-25,0.0
2013-05-26,7.0
2013-05-27,2.0
2013-05-28,0.8947368421052632
2013-05-29,0.5
2013-05-30,10.0
2013-05-31,59.0
2013-06-01,2.5
2013-06-02,26.0
2013-06-03,12.5
2013-06-04,0.0
2013-06-05,38.1
2013-06-06,21.549999999999997
2013-06-07,5.0
2013-06-08,5.0
2013-06-09,33.7
2013-06-10,19.2
2013-06-11,3.8
2013-06-12,2.0
2013-06-13,5.5
2013-06-14,8.0
2013-06-15,0.0
2013-06-16,0.0
2013-06-17,0.0
2013-06-18,0.0
2013-06-19,0.0
2013-06-20,0.0
2013-06-21,0.0
2013-06-22,0.0
2013-06-23,0.0
2013-06-24,0.0
2013-06-25,0.0
2013-06-26,0.0
2013-06-27,1.8
2013-06-28,10.0
2013-06-29,0.0
2013-06-30,0.0
2013-07-01,0.0
2013-07-02,5.0
2013-07-03,50.3
2013-07-04,21.5
2013-07-05,1.5
2013-07-06,0.0
2013-07-07,0.0
2013-07-08,0.0
2013-07-09,9.75
2013-07-10,19.5
2013-07-11,0.0
2013-07-12,39.0
2013-07-13,21.0
2013-07-14,44.6
2013-07-15,37.2079822616408
2013-07-16,23.5
2013-07-17,8.5
2013-07-18,2.4846153846153847
2013-07-19,0.0
2013-07-20,0.0
2013-07-21,0.0
2013-07-22,0.0
2013-07-23,0.0
2013-07-24,17.5
2013-07-25,0.5
2013-07-26,23.5
2013-07-27,24.0
2013-07-28,0.0
2013-07-29,0.0
2013-07-30,0.0
2013-07-31,0.8
2013-08-01,0.8
2013-08-02,40.5
2013-08-03,5.5
2013-08-04,0.0
2013-08-05,1.5
2013-08-06,13.5
2013-08-07,0.0
2013-08-08,125.0
2013-08-09,100.08007266606786
2013-08-10,51.00458977658017
2013-08-11,16.3
2013-08-12,6.0
2013-08-13,11.0
2013-08-14,0.0
2013-08-15,0.0
2013-08-16,0.0
2013-08-17,0.0
2013-08-18,5.0
2013-08-19,39.6
2013-08-20,32.0
2013-08-21,0.0
2013-08-22,0.0
2013-08-23,0.0
2013-08-24,0.0
2013-08-25,0.0
2013-08-26,11.5
2013-08-27,9.5
2013-08-28,2.4
2013-08-29,0.0
2013-08-30,0.0
2013-08-31,29.0
2013-09-01,0.0
2013-09-02,15.5
2013-09-03,0.0
2013-09-04,51.5
2013-09-05,0.0
2013-09-06,11.5
2013-09-07,15.2
2013-09-08,21.0
2013-09-09,19.5
2013-09-10,8.3
2013-09-11,32.7
2013-09-12,0.0
2013-09-13,1.0
2013-09-14,0.0
2013-09-15,2.5
2013-09-16,29.0
2013-09-17,0.0
2013-09-18,0.0
2013-09-19,0.0
2013-09-20,0.0
2013-09-21,0.0
2013-09-22,0.0
2013-09-23,0.0
2013-09-24,0.0
2013-09-25,0.0
2013-09-26,0.0
2013-09-27,0.0
2013-09-28,0.0
2013-09-29,7.0
2013-09-30,0.3
2013-10-01,0.06792196007259528
2013-10-02,0.0
2013-10-03,26.0
2013-10-04,0.0
2013-10-05,0.0
2013-10-06,0.5
2013-10-07,1.0
2013-10-08,0.5
2013-10-09,0.0
2013-10-10,2.0
2013-10-11,40.0
2013-10-12,19.0
2013-10-13,61.1
2013-10-14,5.5
2013-10-15,4.5
2013-10-16,0.0
2013-10-17,0.0
2013-10-18,0.0
2013-10-19,1.0
2013-10-20,2.0
2013-10-21,1.5
2013-10-22,2.0
2013-10-23,54.5
2013-10-24,9.6
2013-10-25,2.4182711198428293
2013-10-26,0.0
2013-10-27,0.0
2013-10-28,0.0
2013-10-29,33.5
2013-10-30,0.0
2013-10-31,4.5
2013-11-01,0.0
2013-11-02,4.5
2013-11-03,11.5
2013-11-04,0.0
2013-11-05,3.1
2013-11-06,0.5
2013-11-07,1.0
2013-11-08,42.5
2013-11-09,0.9
2013-11-10,17.0
2013-11-11,0.0
2013-11-12,1.0
2013-11-13,6.3
2013-11-14,0.0
2013-11-15,1.0
2013-11-16,4.0
2013-11-17,5.2
2013-11-18,3.2
2013-11-19,17.0
2013-11-20,10.5
2013-11-21,30.9
2013-11-22,11.9
2013-11-23,11.0
2013-11-24,1.0
2013-11-25,8.6
2013-11-26,15.0
2013-11-27,0.0
2013-11-28,0.0
2013-11-29,0.6
2013-11-30,1.6528231859883236
2013-12-01,4.0
2013-12-02,22.5
2013-12-03,19.5
2013-12-04,10.5
2013-12-05,3.542168674698795
2013-12-06,0.0
2013-12-07,0.4
2013-12-08,3.7
2013-12-09,6.2
2013-12-10,4.0
2013-12-11,13.5
2013-12-12,2.0
2013-12-13,23.7
2013-12-14,19.424752475247523
2013-12-15,11.0
2013-12-16,0.0
2013-12-17,9.0
2013-12-18,8.5
2013-12-19,8.0
2013-12-20,141.5
2013-12-21,111.5
2013-12-22,44.3
2013-12-23,5.5
2013-12-24,80.0
2013-12-25,126.1
2013-12-26,11.5
2013-12-27,10.8
2013-12-28,5.114597315436242
2013-12-29,0.0
2013-12-30,0.2
2013-12-31,1.4
2014-01-01,2.0
2014-01-02,6.7
2014-01-03,11.5
2014-01-04,4.5
2014-01-05,17.5
2014-01-06,2.1
2014-01-07,1.0
2014-01-08,25.7
2014-01-09,1.2
2014-01-10,0.0
2014-01-11,25.1
2014-01-12,0.0
2014-01-13,0.5
2014-01-14,0.0
2014-01-15,0.0
2014-01-16,1.5
2014-01-17,0.2
2014-01-18,0.0
2014-01-19,0.9
2014-01-20,0.44999999999999996
2014-01-21,0.0
2014-01-22,0.5
2014-01-23,1.0
2014-01-24,0.0
2014-01-25,0.0
2014-01-26,0.0
2014-01-27,0.0
2014-01-28,0.0
2014-01-29,0.0
2014-01-30,0.0
2014-01-31,0.0
2014-02-01,0.0
2014-02-02,0.0
2014-02-03,0.0
2014-02-04,0.0
2014-02-05,0.0
2014-02-06,0.0
2014-02-07,0.0
2014-02-08,0.0
2014-02-09,0.0
2014-02-10,0.0
2014-02-11,0.0
2014-02-12,0.0
2014-02-13,11.6
2014-02-14,67.6
2014-02-15,37.5
2014-02-16,0.0
2014-02-17,0.0
2014-02-18,0.0
2014-02-19,0.0
2014-02-20,6.0
2014-02-21,4.444444444444445
2014-02-22,1.5555555555555554
2014-02-23,0.0
2014-02-24,0.0
2014-02-25,0.0
2014-02-26,0.0
2014-02-27,0.0
2014-02-28,0.0
2014-04-01,0.0
2014-04-02,0.5
2014-04-03,0.0
2014-04-04,0.0
2014-04-05,8.7
2014-04-06,0.0
2014-04-07,0.0
2014-04-08,28.5
2014-04-09,9.5
2014-04-10,0.0
2014-04-11,15.75
2014-04-12,31.5
2014-04-13,1.7
2014-04-14,0.0
2014-04-15,0.0
2014-04-16,0.0
2014-04-17,5.0
2014-04-18,8.8
2014-04-19,0.0
2014-04-20,0.0
2014-04-21,0.0
2014-04-22,0.0
2014-04-23,0.0
2014-04-24,0.0
2014-04-25,0.0
2014-04-26,0.0
2014-04-27,10.0
2014-04-28,0.0
2014-04-29,0.0
2014-04-30,0.0
2014-03-01,0.0
2014-03-02,0.0
2014-03-03,0.0
2014-03-04,0.0
2014-03-05,0.0
2014-03-06,0.0
2014-03-07,0.0
2014-03-08,0.0
2014-03-09,0.0
2014-03-10,0.0
2014-03-11,0.0
2014-03-12,0.0
2014-03-13,0.0
2014-03-14,0.0
2014-03-15,0.0
2014-03-16,0.0
2014-03-17,23.0
2014-03-18,0.0
2014-03-19,0.0
2014-03-20,0.0
2014-03-21,0.0
2014-03-22,0.0
2014-03-23,0.0
2014-03-24,0.0
2014-03-25,0.7
2014-03-26,0.0
2014-03-27,0.0
2014-03-28,0.0
2014-03-29,0.0
2014-03-30,0.0
2014-03-31,0.0
2014-05-01,0.0
2014-05-02,0.0
2014-05-03,0.0
2014-05-04,0.5
2014-05-05,2.5
2014-05-06,2.5
2014-05-07,0.5
2014-05-08,2.4
2014-05-09,1.7
2014-05-10,0.0
2014-05-11,0.0
2014-05-12,21.0
2014-05-13,60.0
2014-05-14,81.0
2014-05-15,2.0
2014-05-16,4.0
2014-05-17,36.5
2014-05-18,1.0
2014-05-19,0.9219244288224957
2014-05-20,0.9
2014-05-21,1.5424418604651162
2014-05-22,3.5
2014-05-23,18.0
2014-05-24,8.8
2014-05-25,5.1827263039117355
2014-05-26,2.4429789368104315
2014-05-27,0.7067421013039126
2014-05-28,0.1
2014-05-29,16.8
2014-05-30,32.0
2014-05-31,0.0
2014-06-01,7.5
2014-06-02,19.501415094339624
2014-06-03,27.3
2014-06-04,0.0
2014-06-05,0.1
2014-06-06,0.5882075471698112
2014-06-07,1.0
2014-06-08,0.5
2014-06-09,0.0
2014-06-10,0.0
2014-06-11,0.0
2014-06-12,0.0
2014-06-13,42.3
2014-06-14,8.5
2014-06-15,0.0
2014-06-16,0.0
2014-06-17,0.0
2014-06-18,0.0
2014-06-19,0.0
2014-06-20,0.0
2014-06-21,0.0
2014-06-22,0.0
2014-06-23,0.0
2014-06-24,0.0
2014-06-25,0.0
2014-06-26,0.0
2014-06-27,0.0
2014-06-28,58.0
2014-06-29,0.0
2014-06-30,0.0
2014-07-01,5.8
2014-07-02,11.0
2014-07-03,1.0
2014-07-04,0.0
2014-07-05,0.8499999999999999
2014-07-06,1.7
2014-07-07,0.5
2014-07-08,34.8
2014-07-09,6.2
2014-07-10,60.0
2014-07-11,1.5
2014-07-12,0.0
2014-07-13,1.0
2014-07-14,0.0
2014-07-15,0.0
2014-07-16,0.0
2014-07-17,0.5
2014-07-18,3.5
2014-07-19,0.5
2014-07-20,0.0
2014-07-21,0.0
2014-07-22,0.0
2014-07-23,0.0
2014-07-24,0.0
2014-07-25,0.0
2014-07-26,0.0
2014-07-27,0.0
2014-07-28,2.5
2014-07-29,0.0
2014-07-30,1.0
2014-07-31,0.0
2014-08-01,0.3
2014-08-02,47.8
2014-08-03,0.0
2014-08-04,0.0
2014-08-05,0.0
2014-08-06,23.4
2014-08-07,0.0
2014-08-08,0.0
2014-08-09,23.6
2014-08-10,18.369241702198813
2014-08-11,8.227372293286516
2014-08-12,1.5
2014-08-13,0.0
2014-08-14,4.0
2014-08-15,0.2
2014-08-16,5.0
2014-08-17,1.2
2014-08-18,1.9
2014-08-19,0.0
2014-08-20,61.0
2014-08-21,0.6
2014-08-22,0.0
2014-08-23,20.0
2014-08-24,1.0
2014-08-25,17.2
2014-08-26,25.0
2014-08-27,19.2
2014-08-28,1.5
2014-08-29,62.7
2014-08-30,0.0
2014-08-31,22.3
2014-09-01,14.5
2014-09-02,0.0
2014-09-03,0.0
2014-09-04,23.5
2014-09-05,0.0
2014-09-06,43.4
2014-09-07,19.0
2014-09-08,5.9055823569951755
2014-09-09,0.0
2014-09-10,1.4
2014-09-11,18.5
2014-09-12,0.6
2014-09-13,0.0
2014-09-14,6.2
2014-09-15,55.0
2014-09-16,0.0
2014-09-17,0.0
2014-09-18,0.0
2014-09-19,0.8
2014-09-20,0.0
2014-09-21,1.3
2014-09-22,7.0
2014-09-23,0.0
2014-09-24,0.0
2014-09-25,0.0
2014-09-26,0.0
2014-09-27,0.0
2014-09-28,0.0
2014-09-29,3.0
2014-09-30,15.3
2014-10-01,3.8
2014-10-02,0.0
2014-10-03,3.0
2014-10-04,56.8
2014-10-05,6.3
2014-10-06,15.0
2014-10-07,7.5
2014-10-08,0.0
2014-10-09,13.5
2014-10-10,2.0
2014-10-11,15.5
2014-10-12,26.2
2014-10-13,0.0
2014-10-14,0.0
2014-10-15,0.0
2014-10-16,0.0
2014-10-17,0.0
2014-10-18,0.0
2014-10-19,5.5
2014-10-20,0.0
2014-10-21,1.8
2014-10-22,0.0
2014-10-23,0.0
2014-10-24,11.0
2014-10-25,32.0
2014-10-26,0.0
2014-10-27,0.0
2014-10-28,1.5
2014-10-29,52.5
2014-10-30,23.4
2014-10-31,28.5
2014-11-01,0.0
2014-11-02,4.5
2014-11-03,11.5
2014-11-04,0.0
2014-11-05,3.1
2014-11-06,0.5
2014-11-07,1.0
2014-11-08,42.5
2014-11-09,0.9
2014-11-10,17.0
2014-11-11,0.0
2014-11-12,1.0
2014-11-13,6.3
2014-11-14,0.0
2014-11-15,1.0
2014-11-16,4.0
2014-11-17,5.2
2014-11-18,3.2
2014-11-19,17.0
2014-11-20,10.5
2014-11-21,30.9
2014-11-22,11.9
2014-11-23,11.0
2014-11-24,1.0
2014-11-25,8.6
2014-11-26,15.0
2014-11-27,0.0
2014-11-28,0.0
2014-11-29,0.6
2014-11-30,1.6528231859883236
2014-12-01,4.0
2014-12-02,22.5
2014-12-03,19.5
2014-12-04,10.5
2014-12-05,3.542168674698795
2014-12-06,0.0
2014-12-07,0.4
2014-12-08,3.7
2014-12-09,6.2
2014-12-10,4.0
2014-12-11,13.5
2014-12-12,2.0
2014-12-13,23.7
2014-12-14,19.424752475247523
2014-12-15,11.0
2014-12-16,0.0
2014-12-17,9.0
2014-12-18,8.5
2014-12-19,8.0
2014-12-20,141.5
2014-12-21,111.5
2014-12-22,44.3
2014-12-23,5.5
2014-12-24,80.0
2014-12-25,126.1
2014-12-26,11.5
2014-12-27,10.8
2014-12-28,5.114597315436242
2014-12-29,0.0
2014-12-30,0.2
2014-12-31,1.4
2015-01-01,5.0
2015-01-02,6.943494116223803
2015-01-03,10.0
2015-01-04,52.2
2015-01-05,59.22067082683307
2015-01-06,61.6
2015-01-07,10.3
2015-01-08,7.0
2015-01-09,22.0
2015-01-10,13.33525754884547
2015-01-11,3.0
2015-01-12,0.8
2015-01-13,0.934423994546694
2015-01-14,1.3355146557600546
2015-01-15,2.0
2015-01-16,4.7
2015-01-17,7.2
2015-01-18,1.0
2015-01-19,0.4100740740740741
2015-01-20,0.09392592592592597
2015-01-21,0.0
2015-01-22,0.0
2015-01-23,0.0
2015-01-24,0.0
2015-01-25,0.0
2015-01-26,0.0
2015-01-27,0.0
2015-01-28,2.25
2015-01-29,4.5
2015-01-30,2.75
2015-01-31,1.0
2015-02-01,1.2452830188679245
2015-02-02,2.0
2015-02-03,8.0
2015-02-04,13.7
2015-02-05,7.3500000000000005
2015-02-06,1.0
2015-02-07,5.3
2015-02-08,0.1
2015-02-09,0.022209026128266036
2015-02-10,0.0
2015-02-11,0.0
2015-02-12,0.0
2015-02-13,0.0
2015-02-14,0.0
2015-02-15,0.0
2015-02-16,0.0
2015-02-17,0.0
2015-02-18,0.0
2015-02-19,0.0
2015-02-20,0.0
2015-02-21,0.0
2015-02-22,0.0
2015-02-23,0.0
2015-02-24,0.0
2015-02-25,0.0
2015-02-26,0.0
2015-02-27,3.5
2015-02-28,7.0
2015-03-01,4.857142857142858
2015-03-02,2.0
2015-03-03,0.6428571428571429
2015-03-04,0.0
2015-03-05,0.0
2015-03-06,0.0
2015-03-07,0.0
2015-03-08,0.0
2015-03-09,8.751353790613718
2015-03-10,20.5
2015-03-11,25.0
2015-03-12,18.518518518518515
2015-03-13,6.481481481481481
2015-03-14,0.0
2015-03-15,0.0
2015-03-16,0.0
2015-03-17,0.0
2015-03-18,0.0
2015-03-19,0.0
2015-03-20,0.0
2015-03-21,0.0
2015-03-22,0.0
2015-03-23,0.0
2015-03-24,0.0
2015-03-25,0.0
2015-03-26,0.0
2015-03-27,0.0
2015-03-28,0.0
2015-03-29,0.0
2015-03-30,0.0
2015-03-31,1.0
2015-04-01,0.0
2015-04-02,0.9074074074074074
2015-04-03,2.592592592592593
2015-04-04,3.5
2015-04-05,0.0
2015-04-06,21.4
2015-04-07,1.0
2015-04-08,1.0
2015-04-09,1.0
2015-04-10,28.8
2015-04-11,23.446152204077276
2015-04-12,12.803415519265666
2015-04-13,5.0
2015-04-14,1.5814121037463977
2015-04-15,0.0
2015-04-16,0.0
2015-04-17,0.0
2015-04-18,0.0
2015-04-19,0.0
2015-04-20,0.19375
2015-04-21,0.5
2015-04-22,0.7515624999999999
2015-04-23,1.0125000000000002
2015-04-24,1.2171874999999999
2015-04-25,1.3
2015-04-26,0.6499999999999999
2015-04-27,0.0
2015-04-28,0.0
2015-04-29,0.0
2015-04-30,0.75
2015-05-01,1.5
2015-05-02,1.0
2015-05-03,2.5
2015-05-04,1.967741935483871
2015-05-05,1.0
2015-05-06,0.0
2015-05-07,0.0
2015-05-08,0.0
2015-05-09,0.0
2015-05-10,0.0
2015-05-11,2.2
2015-05-12,1.6296296296296298
2015-05-13,0.5703703703703704
2015-05-14,0.0
2015-05-15,0.0
2015-05-16,4.0
2015-05-17,8.0
2015-05-18,6.18875
2015-05-19,3.4
2015-05-20,1.21125
2015-05-21,0.0
2015-05-22,0.8152549697493519
2015-05-23,3.5
2015-05-24,44.7
2015-05-25,0.0
2015-05-26,7.5
2015-05-27,10.9
2015-05-28,5.449999999999999
2015-05-29,0.0
2015-05-30,2.0
2015-05-31,0.0
2015-06-01,0.0
2015-06-02,0.0
2015-06-03,0.0
2015-06-04,0.0
2015-06-05,0.0
2015-06-06,0.0
2015-06-07,3.0
2015-06-08,0.0
2015-06-09,17.5
2015-06-10,12.962962962962964
2015-06-11,4.537037037037038
2015-06-12,0.0
2015-06-13,1.5
2015-06-14,22.5
2015-06-15,8.0
2015-06-16,1.0
2015-06-17,4.5
2015-06-18,0.0
2015-06-19,0.0
2015-06-20,0.0
2015-06-21,0.0
2015-06-22,0.0
2015-06-23,0.0
2015-06-24,0.0
2015-06-25,4.459259259259259
2015-06-26,12.74074074074074
2015-06-27,17.2
2015-06-28,12.740740740740739
2015-06-29,4.459259259259259
2015-06-30,0.0
2015-07-01,0.6555
2015-07-02,1.9
2015-07-03,3.7444999999999995
2015-07-04,5.0
2015-07-05,4.9
2015-07-06,0.0
2015-07-07,0.0
2015-07-08,0.0
2015-07-09,37.0
2015-07-10,1.0
2015-07-11,28.8
2015-07-12,14.399999999999999
2015-07-13,0.0
2015-07-14,0.0
2015-07-15,1.5
2015-07-16,0.75
2015-07-17,0.0
2015-07-18,0.0
2015-07-19,0.0
2015-07-20,0.0
2015-07-21,0.0
2015-07-22,0.0
2015-07-23,0.0
2015-07-24,0.0
2015-07-25,7.158139534883722
2015-07-26,15.2
2015-07-27,16.641860465116277
2015-07-28,17.2
2015-07-29,8.600000000000001
2015-07-30,0.0
2015-07-31,29.0
2015-08-01,58.0
2015-08-02,7.3
2015-08-03,34.0
2015-08-04,2.5
2015-08-05,35.5
2015-08-06,14.0
2015-08-07,19.5
2015-08-08,15.5
2015-08-09,10.0
2015-08-10,3.8
2015-08-11,1.0
2015-08-12,0.43597883597883597
2015-08-13,0.10687830687830696
2015-08-14,0.0
2015-08-15,0.0
2015-08-16,0.0
2015-08-17,0.0
2015-08-18,0.0
2015-08-19,13.5
2015-08-20,0.0
2015-08-21,0.0
2015-08-22,0.0
2015-08-23,0.0
2015-08-24,1.8000000000000003
2015-08-25,3.6
2015-08-26,1.0
2015-08-27,0.5
2015-08-28,0.16346153846153846
2015-08-29,0.0
2015-08-30,3.862962962962963
2015-08-31,11.037037037037036
2015-09-01,14.9
2015-09-02,0.0
2015-09-03,6.900000000000001
2015-09-04,13.8
2015-09-05,6.8999999999999995
2015-09-06,0.0
2015-09-07,12.849999999999998
2015-09-08,25.7
2015-09-09,7.0
2015-09-10,1.9045232936078005
2015-09-11,0.0
2015-09-12,0.0
2015-09-13,0.0
2015-09-14,0.0
2015-09-15,0.0
2015-09-16,8.7
2015-09-17,0.0
2015-09-18,2.8
2015-09-19,0.0
2015-09-20,0.0
2015-09-21,0.0
2015-09-22,28.6
2015-09-23,26.481481481481485
2015-09-24,21.185185185185187
2015-09-25,14.3
2015-09-26,7.4148148148148145
2015-09-27,2.1185185185185134
2015-09-28,0.0
2015-09-29,0.0
2015-09-30,0.0
2015-10-01,0.4165846016114592
2015-10-02,1.4
2015-10-03,5.178309646374217
2015-10-04,12.016830796777082
2015-10-05,18.571936548791406
2015-10-06,21.5
2015-10-07,10.75
2015-10-08,0.0
2015-10-09,4.5
2015-10-10,6.912383177570094
2015-10-11,8.0
2015-10-12,1.6
2015-10-13,0.0
2015-10-14,0.0
2015-10-15,0.0
2015-10-16,0.0
2015-10-17,0.2
2015-10-18,0.0
2015-10-19,0.0
2015-10-20,0.0
2015-10-21,0.0
2015-10-22,0.0
2015-10-23,0.0
2015-10-24,0.0
2015-10-25,7.799999999999999
2015-10-26,15.6
2015-10-27,7.6
2015-10-28,9.0
2015-10-29,33.0
2015-10-30,36.5
2015-10-31,23.072776769509986
2015-11-01,7.6
2015-11-02,5.0
2015-11-03,2.3
2015-11-04,14.8
2015-11-05,4.0
2015-11-06,0.0
2015-11-07,55.1
2015-11-08,1.0
2015-11-09,19.0
2015-11-10,0.0
2015-11-11,0.0
2015-11-12,0.0
2015-11-13,0.0
2015-11-14,0.0
2015-11-15,20.5
2015-11-16,18.6
2015-11-17,2.5
2015-11-18,3.925
2015-11-19,8.5
2015-11-20,61.0
2015-11-21,31.5
2015-11-22,2.0
2015-11-23,11.7
2015-11-24,14.6
2015-11-25,13.2
2015-11-26,40.0
2015-11-27,86.1
2015-11-28,2.0
2015-11-29,42.5
2015-11-30,19.0
2015-12-01,6.2
2015-12-02,15.9
2015-12-03,0.0
2015-12-04,0.0
2015-12-05,12.0
2015-12-06,10.6
2015-12-07,2.0
2015-12-08,0.0
2015-12-09,4.5
2015-12-10,17.0
2015-12-11,14.5
2015-12-12,1.0
2015-12-13,41.7
2015-12-14,31.708229813664598
2015-12-15,15.0
2015-12-16,1.5
2015-12-17,46.4
2015-12-18,44.26800850501393
2015-12-19,38.29157256558343
2015-12-20,29.1
2015-12-21,2.8
2015-12-22,2.5
2015-12-23,0.0
2015-12-24,0.0
2015-12-25,0.0
2015-12-26,0.0
2015-12-27,4.25
2015-12-28,8.5
2015-12-29,0.0
2015-12-30,2.5
2015-12-31,4.8
2016-01-01,3.466666666666667
2016-01-02,1.6
2016-01-03,0.5333333333333334
2016-01-04,0.0
2016-01-05,0.0
2016-01-06,0.0
2016-01-07,0.0
2016-01-08,0.0
2016-01-09,1.3
2016-01-10,21.0
2016-01-11,12.164179104477611
2016-01-12,2.5
2016-01-13,1.5
2016-01-14,7.2
2016-01-15,66.5
2016-01-16,38.975974025974025
2016-01-17,6.8
2016-01-18,0.8
2016-01-19,0.19230769230769235
2016-01-20,0.0
2016-01-21,9.3
2016-01-22,0.2
2016-01-23,2.0
2016-01-24,0.0
2016-01-25,1.0
2016-01-26,0.5
2016-01-27,0.16346153846153846
2016-01-28,0.0
2016-01-29,0.0
2016-01-30,0.3888888888888889
2016-01-31,1.1111111111111112
2016-02-01,1.5
2016-02-02,1.5
2016-02-03,1.5
2016-02-04,2.0
2016-02-05,0.0
2016-02-06,2.5
2016-02-07,10.5
2016-02-08,1.5
2016-02-09,4.1
2016-02-10,1.5
2016-02-11,2.0
2016-02-12,0.0
2016-02-13,0.0
2016-02-14,0.0
2016-02-15,0.0
2016-02-16,0.0
2016-02-17,0.0
2016-02-18,0.0
2016-02-19,3.0
2016-02-20,6.0
2016-02-21,0.0
2016-02-22,2.0
2016-02-23,5.412345679012346
2016-02-24,9.446913580246914
2016-02-25,12.0
2016-02-26,13.012345679012345
2016-02-27,13.728395061728396
2016-02-28,14.0
2016-02-29,0.0
2016-03-01,0.4318181818181818
2016-03-02,1.0
2016-03-03,1.2
2016-03-04,1.5
2016-03-05,1.0
2016-03-06,1.1500000000000001
2016-03-07,1.3
2016-03-08,0.0
2016-03-09,0.0
2016-03-10,0.0
2016-03-11,0.0
2016-03-12,0.0
2016-03-13,0.0
2016-03-14,0.0
2016-03-15,0.0
2016-03-16,0.0
2016-03-17,0.0
2016-03-18,0.0
2016-03-19,0.0
2016-03-20,0.0
2016-03-21,0.0
2016-03-22,0.0
2016-03-23,0.0
2016-03-24,0.0
2016-03-25,0.0
2016-03-26,0.0
2016-03-27,0.0
2016-03-28,0.0
2016-03-29,0.0
2016-03-30,0.0
2016-03-31,0.0
2016-04-01,0.0
2016-04-02,6.75
2016-04-03,13.5
2016-04-04,0.0
2016-04-05,22.7
2016-04-06,16.814814814814813
2016-04-07,5.885185185185184
2016-04-08,0.0
2016-04-09,0.0
2016-04-10,0.12962962962962962
2016-04-11,0.37037037037037035
2016-04-12,0.5
2016-04-13,0.0
2016-04-14,2.5
2016-04-15,5.0
2016-04-16,0.0
2016-04-17,0.0
2016-04-18,0.0
2016-04-19,0.0
2016-04-20,0.0
2016-04-21,1.6007462686567162
2016-04-22,5.5
2016-04-23,20.649253731343283
2016-04-24,33.5
2016-04-25,1.2
2016-04-26,0.0
2016-04-27,0.0
2016-04-28,0.0
2016-04-29,0.0
2016-04-30,2.2
2016-05-01,1.1
2016-05-02,0.0
2016-05-03,0.0
2016-05-04,0.3888888888888889
2016-05-05,1.1111111111111112
2016-05-06,1.5
2016-05-07,1.1111111111111112
2016-05-08,0.38888888888888884
2016-05-09,0.0
2016-05-10,0.0
2016-05-11,0.0
2016-05-12,3.5
2016-05-13,7.0
2016-05-14,1.0
2016-05-15,1.9
2016-05-16,0.0
2016-05-17,7.5
2016-05-18,0.0
2016-05-19,8.0
2016-05-20,7.4
2016-05-21,82.5
2016-05-22,53.2
2016-05-23,14.3
2016-05-24,3.879533577214528
2016-05-25,0.0
2016-05-26,11.5
2016-05-27,23.0
2016-05-28,1.0
2016-05-29,0.0
2016-05-30,0.7116899017725463
2016-05-31,3.2011575813228705
2016-06-01,8.0
2016-06-02,93.0
2016-06-03,2.5
2016-06-04,55.6
2016-06-05,39.5
2016-06-06,0.9
2016-06-07,0.0
2016-06-08,0.47184385382059785
2016-06-09,1.9
2016-06-10,12.0
2016-06-11,1.0
2016-06-12,2.0
2016-06-13,10.0
2016-06-14,6.1499999999999995
2016-06-15,2.3
2016-06-16,22.5
2016-06-17,25.822252403742507
2016-06-18,27.7055706463157
2016-06-19,28.3
2016-06-20,9.9
2016-06-21,15.950000000000001
2016-06-22,22.0
2016-06-23,1.6
2016-06-24,49.3
2016-06-25,24.8
2016-06-26,8.127812500000001
2016-06-27,0.0
2016-06-28,8.1
2016-06-29,7.96539768477872
2016-06-30,7.567050369069684
2016-07-01,6.913147497805092
2016-07-02,6.011878515917146
2016-07-03,4.871432868338047
2016-07-04,3.5
2016-07-05,0.0
2016-07-06,0.0
2016-07-07,0.0
2016-07-08,0.0
2016-07-09,13.3
2016-07-10,6.6499999999999995
2016-07-11,0.0
2016-07-12,5.444444444444445
2016-07-13,15.555555555555555
2016-07-14,21.0
2016-07-15,12.0
2016-07-16,7.8
2016-07-17,2.884710743801653
2016-07-18,0.0
2016-07-19,0.75
2016-07-20,1.5
2016-07-21,1.3
2016-07-22,3.5
2016-07-23,2.981481481481482
2016-07-24,2.0185185185185186
2016-07-25,1.5
2016-07-26,36.6
2016-07-27,0.3
2016-07-28,2.6333333333333333
2016-07-29,6.966666666666668
2016-07-30,9.3
2016-07-31,7.0
2016-08-01,1.5
2016-08-02,4.6
2016-08-03,8.027123552123552
2016-08-04,10.0
2016-08-05,6.25
2016-08-06,2.5
2016-08-07,23.75
2016-08-08,45.0
2016-08-09,37.96875
2016-08-10,22.5
2016-08-11,7.03125
2016-08-12,0.0
2016-08-13,0.0
2016-08-14,0.2
2016-08-15,0.14814814814814817
2016-08-16,0.05185185185185187
2016-08-17,0.0
2016-08-18,0.0
2016-08-19,0.0
2016-08-20,0.0
2016-08-21,0.0
2016-08-22,0.75
2016-08-23,1.5
2016-08-24,1.0
2016-08-25,7.0
2016-08-26,5.7251461988304095
2016-08-27,3.1169590643274856
2016-08-28,1.0
2016-08-29,0.0
2016-08-30,0.0
2016-08-31,0.0
2016-09-01,0.0
2016-09-02,21.8
2016-09-03,13.8
2016-09-04,36.0
2016-09-05,21.0
2016-09-06,0.0
2016-09-07,18.9
2016-09-08,24.8
2016-09-09,0.0
2016-09-10,32.9
2016-09-11,30.5
2016-09-12,28.5
2016-09-13,0.0
2016-09-14,0.0
2016-09-15,1.0
2016-09-16,1.7717065868263473
2016-09-17,3.0
2016-09-18,10.1
2016-09-19,10.074074074074074
2016-09-20,10.025925925925925
2016-09-21,10.0
2016-09-22,63.9
2016-09-23,3.5
2016-09-24,14.5
2016-09-25,27.0
2016-09-26,14.0
2016-09-27,21.2
2016-09-28,1.0
2016-09-29,12.0
2016-09-30,7.2
2016-10-01,57.7
2016-10-02,7.3
2016-10-03,7.611111111111112
2016-10-04,8.18888888888889
2016-10-05,8.5
2016-10-06,0.0
2016-10-07,16.2
2016-10-08,1.0
2016-10-09,14.75
2016-10-10,28.5
2016-10-11,10.3
2016-10-12,7.0
2016-10-13,10.0
2016-10-14,2.5
2016-10-15,0.0
2016-10-16,32.3
2016-10-17,16.0
2016-10-18,12.2
2016-10-19,0.0
2016-10-20,24.3
2016-10-21,15.8
2016-10-22,7.3
2016-10-23,18.0
2016-10-24,14.8
2016-10-25,7.5
2016-10-26,13.5
2016-10-27,54.0
2016-10-28,41.00235849056604
2016-10-29,21.0
2016-10-30,8.5
2016-10-31,17.0
2016-11-01,14.7
2016-11-02,32.0
2016-11-03,1.5
2016-11-04,1.5
2016-11-05,2.5
2016-11-06,37.8
2016-11-07,1.6
2016-11-08,1.5558056747074527
2016-11-09,1.5426537952081323
2016-11-10,1.5
2016-11-11,0.0
2016-11-12,1.0
2016-11-13,65.19442292796282
2016-11-14,128.5
2016-11-15,1.0
2016-11-16,0.49321847507331384
2016-11-17,0.18841642228739003
2016-11-18,0.03940615835777109
2016-11-19,0.0
2016-11-20,5.1
2016-11-21,21.0
2016-11-22,7.3
2016-11-23,0.0
2016-11-24,0.0
2016-11-25,2.5
2016-11-26,27.8
2016-11-27,5.5
2016-11-28,39.0
2016-11-29,4.5
2016-11-30,49.5
2016-12-01,4.3
2016-12-02,0.7
2016-12-03,27.7
2016-12-04,3.5
2016-12-05,0.0
2016-12-06,2.5
2016-12-07,9.02701012507445
2016-12-08,16.9
2016-12-09,22.5
2016-12-10,29.0
2016-12-11,79.7
2016-12-12,38.7
2016-12-13,0.0
2016-12-14,0.0
2016-12-15,0.0
2016-12-16,0.0
2016-12-17,0.0
2016-12-18,0.0
2016-12-19,9.5
2016-12-20,4.75
2016-12-21,0.0
2016-12-22,0.0
2016-12-23,12.5
2016-12-24,1.0
2016-12-25,9.555555555555555
2016-12-26,25.444444444444446
2016-12-27,34.0
2016-12-28,12.1
2016-12-29,19.0
2016-12-30,122.5
2016-12-31,92.32835141757087
2017-01-01,35.75670283514175
2017-01-02,3.7
2017-01-03,2.0
2017-01-04,1.0224097515236756
2017-01-05,0.28898265353961566
2017-01-06,0.0
2017-01-07,0.7
2017-01-08,2.8728093947606137
2017-01-09,5.880849141824751
2017-01-10,7.4
2017-01-11,6.24375
2017-01-12,3.6999999999999997
2017-01-13,1.15625
2017-01-14,0.0
2017-01-15,12.0
2017-01-16,6.0
2017-01-17,0.0
2017-01-18,0.0
2017-01-19,0.0
2017-01-20,0.0
2017-01-21,2.5
2017-01-22,2.6
2017-01-23,0.0
2017-01-24,41.8
2017-01-25,5.5
2017-01-26,32.7
2017-01-27,0.9
2017-01-28,3.7
2017-01-29,9.3
2017-01-30,8.003125
2017-01-31,5.15
2017-02-01,2.296875
2017-02-02,1.0
2017-02-03,2.5
2017-02-04,0.0
2017-02-05,0.0
2017-02-06,0.0
2017-02-07,0.0
2017-02-08,0.0
2017-02-09,0.0
2017-02-10,2.9172680412371137
2017-02-11,9.8
2017-02-12,25.5
2017-02-13,3.0
2017-02-14,0.0
2017-02-15,4.5
2017-02-16,3.3333333333333335
2017-02-17,1.1666666666666665
2017-02-18,0.0
2017-02-19,1.0
2017-02-20,1.0
2017-02-21,0.0
2017-02-22,2.981481481481482
2017-02-23,8.518518518518519
2017-02-24,11.5
2017-02-25,8.907407407407407
2017-02-26,4.092592592592593
2017-02-27,1.5
2017-02-28,29.629629629629626
2017-03-01,81.87037037037037
2017-03-02,110.0
2017-03-03,77.0
2017-03-04,16.8
2017-03-05,0.0
2017-03-06,0.0
2017-03-07,0.0
2017-03-08,0.0
2017-03-09,0.0
2017-03-10,0.0
2017-03-11,0.0
2017-03-12,3.1000000000000005
2017-03-13,6.2
2017-03-14,0.0
2017-03-15,0.75
2017-03-16,1.5
2017-03-17,0.0
2017-03-18,1.0
2017-03-19,0.5
2017-03-20,0.0
2017-03-21,9.0
2017-03-22,0.0
2017-03-23,0.0
2017-03-24,0.0
2017-03-25,0.0
2017-03-26,0.0
2017-03-27,52.5
2017-03-28,105.0
2017-03-29,4.0
2017-03-30,9.0
2017-03-31,30.367021276595743
2017-04-01,48.0
2017-04-02,0.0
2017-04-03,21.0
2017-04-04,4.5
2017-04-05,0.0
2017-04-06,21.7
2017-04-07,34.9
2017-04-08,0.0
2017-04-09,1.0
2017-04-10,3.9
2017-04-11,1.0
2017-04-12,0.4344701136780345
2017-04-13,0.10612394572790618
2017-04-14,0.0
2017-04-15,9.074074074074073
2017-04-16,25.925925925925924
2017-04-17,35.0
2017-04-18,8.6
2017-04-19,4.8
2017-04-20,0.0
2017-04-21,0.5
2017-04-22,22.8
2017-04-23,21.5
2017-04-24,3.7
2017-04-25,0.9290242386575513
2017-04-26,0.0
2017-04-27,1.25
2017-04-28,2.5
2017-04-29,0.0
2017-04-30,4.6
2017-05-01,0.0
2017-05-02,0.0
2017-05-03,8.0
2017-05-04,16.0
2017-05-05,0.0
2017-05-06,17.0
2017-05-07,8.5
2017-05-08,0.0
2017-05-09,2.6
2017-05-10,0.0
2017-05-11,2.315625
2017-05-12,4.8
2017-05-13,5.0
2017-05-14,68.5
2017-05-15,1.8
2017-05-16,1.3
2017-05-17,37.0
2017-05-18,4.9
2017-05-19,0.0
2017-05-20,2.1784916201117324
2017-05-21,8.8
2017-05-22,57.0
2017-05-23,18.5
2017-05-24,22.1
2017-05-25,77.0
2017-05-26,43.10000000000001
2017-05-27,9.2
2017-05-28,42.0
2017-05-29,6.5
2017-05-30,41.4
2017-05-31,0.0
2017-06-01,3.0499999999999994
2017-06-02,6.1
2017-06-03,0.0
2017-06-04,0.0
2017-06-05,0.0
2017-06-06,4.2
2017-06-07,1.6
2017-06-08,17.7
2017-06-09,0.0
2017-06-10,8.503703703703703
2017-06-11,24.296296296296294
2017-06-12,32.8
2017-06-13,1.0
2017-06-14,1.703125
2017-06-15,3.25
2017-06-16,4.796875
2017-06-17,5.5
2017-06-18,3.5
2017-06-19,19.5
2017-06-20,19.5
2017-06-21,17.264516129032256
2017-06-22,13.2
2017-06-23,9.0
2017-06-24,10.5
2017-06-25,1.0
2017-06-26,43.0
2017-06-27,9.0
2017-06-28,0.8
2017-06-29,19.959259259259262
2017-06-30,55.540740740740745
2017-07-01,74.7
2017-07-02,51.20733081366326
2017-07-03,22.4
2017-07-04,12.749930405339375
2017-07-05,5.963854091558576
2017-07-06,3.4
2017-07-07,5.5
2017-07-08,0.0
2017-07-09,0.0
2017-07-10,1.5
2017-07-11,23.889705882352942
2017-07-12,45.0
2017-07-13,17.2
2017-07-14,2.0
2017-07-15,36.0
2017-07-16,31.6
2017-07-17,14.180745341614909
2017-07-18,0.0
2017-07-19,6.25
2017-07-20,12.5
2017-07-21,3.0
2017-07-22,1.292558613659531
2017-07-23,0.31294597349643216
2017-07-24,0.0
2017-07-25,0.0
2017-07-26,0.0
2017-07-27,0.0
2017-07-28,0.0
2017-07-29,0.0
2017-07-30,0.0
2017-07-31,0.0
2017-08-01,0.0
2017-08-02,0.0
2017-08-03,0.0
2017-08-04,0.0
2017-08-05,0.5185185185185185
2017-08-06,1.4814814814814814
2017-08-07,2.0
2017-08-08,1.6
2017-08-09,0.5
2017-08-10,5.587336065573771
2017-08-11,16.6
2017-08-12,42.012663934426236
2017-08-13,61.5
2017-08-14,15.5
2017-08-15,16.2
2017-08-16,12.8
2017-08-17,4.4
2017-08-18,1.267713004484305
2017-08-19,0.0
2017-08-20,0.22095761381475665
2017-08-21,1.0
2017-08-22,80.0
2017-08-23,20.5
2017-08-24,0.0
2017-08-25,15.0
2017-08-26,12.0
2017-08-27,16.7
2017-08-28,9.600000000000001
2017-08-29,2.5
2017-08-30,69.5
2017-08-31,2.0
2017-09-01,0.44772727272727275
2017-09-02,0.0
2017-09-03,30.6
2017-09-04,18.549999999999997
2017-09-05,6.5
2017-09-06,31.0
2017-09-07,1.0
2017-09-08,0.0
2017-09-09,56.5
2017-09-10,45.58845431789737
2017-09-11,25.7
2017-09-12,5.0
2017-09-13,10.833333333333334
2017-09-14,21.666666666666664
2017-09-15,27.5
2017-09-16,14.300000000000002
2017-09-17,1.1
2017-09-18,2.0
2017-09-19,12.0
2017-09-20,12.5
2017-09-21,21.6
2017-09-22,29.5
2017-09-23,25.046875
2017-09-24,15.25
2017-09-25,5.453125
2017-09-26,1.0
2017-09-27,8.450000000000001
2017-09-28,15.9
2017-09-29,2.0
2017-09-30,9.436000000000002
2017-10-01,27.168000000000006
2017-10-02,48.33200000000001
2017-10-03,66.06400000000002
2017-10-04,73.5
2017-10-05,65.18503059440559
2017-10-06,46.30174825174825
2017-10-07,25.942591783216784
2017-10-08,13.2
2017-10-09,9.0
2017-10-10,2.5
2017-10-11,35.9
2017-10-12,1.5
2017-10-13,15.0
2017-10-14,9.5
2017-10-15,4.0
2017-10-16,7.777777777777778
2017-10-17,17.22222222222222
2017-10-18,29.5
2017-10-19,41.77777777777777
2017-10-20,51.222222222222214
2017-10-21,55.0
2017-10-22,41.4
2017-10-23,2.0
2017-10-24,3.0
2017-10-25,0.5
2017-10-26,52.5
2017-10-27,14.7
2017-10-28,7.2
2017-10-29,3.0
2017-10-30,9.0
2017-10-31,13.0
2017-11-01,4.5
2017-11-02,1.0
2017-11-03,1.9
2017-11-04,22.0
2017-11-05,77.0
2017-11-06,1.5
2017-11-07,0.0
2017-11-08,1.851063829787234
2017-11-09,6.0
2017-11-10,14.0
2017-11-11,0.0
2017-11-12,29.0
2017-11-13,2.0
2017-11-14,24.0
2017-11-15,47.28974895397489
2017-11-16,60.5
2017-11-17,48.96296296296296
2017-11-18,27.537037037037035
2017-11-19,16.0
2017-11-20,16.0
2017-11-21,7.5
2017-11-22,0.0
2017-11-23,6.0
2017-11-24,52.5
2017-11-25,19.3
2017-11-26,9.0
2017-11-27,27.2
2017-11-28,16.6
2017-11-29,3.7
2017-11-30,2.2
2017-12-01,2.0
2017-12-02,5.0
2017-12-03,0.0
2017-12-04,2.4
2017-12-05,7.5
2017-12-06,30.5
2017-12-07,0.0
2017-12-08,11.7
2017-12-09,5.5
2017-12-10,3.0
2017-12-11,43.5
2017-12-12,7.3
2017-12-13,0.0
2017-12-14,0.0
2017-12-15,0.0
2017-12-16,0.0
2017-12-17,17.5
2017-12-18,29.0
2017-12-19,5.0
2017-12-20,2.381321973994809
2017-12-21,1.5
2017-12-22,1.4028816457730633
2017-12-23,1.357300675024108
2017-12-24,1.330278881388621
2017-12-25,1.2888380585020895
2017-12-26,1.2
2017-12-27,0.5691176470588235
2017-12-28,0.0
2017-12-29,2.2037037037037037
2017-12-30,6.296296296296297
2017-12-31,8.5
2018-01-01,4.8
2018-01-02,3.5
2018-01-03,2.0
2018-01-04,2.0
2018-01-05,2.0
2018-01-06,2.0
2018-01-07,1.4814814814814816
2018-01-08,0.5185185185185186
2018-01-09,0.0
2018-01-10,5.5
2018-01-11,4.3
2018-01-12,19.5
2018-01-13,22.4
2018-01-14,45.2
2018-01-15,116.6
2018-01-16,137.7
2018-01-17,3.0
2018-01-18,0.0
2018-01-19,14.6
2018-01-20,1.4
2018-01-21,5.0
2018-01-22,3.7037037037037033
2018-01-23,1.2962962962962963
2018-01-24,0.0
2018-01-25,1.0
2018-01-26,2.0
2018-01-27,0.0
2018-01-28,0.1289602855867916
2018-01-29,0.4801427933958054
2018-01-30,1.0
2018-01-31,3.153190539937528
2018-02-01,6.537706381079877
2018-02-02,8.3
2018-02-03,6.148148148148148
2018-02-04,2.151851851851852
2018-02-05,0.0
2018-02-06,0.0
2018-02-07,0.0
2018-02-08,0.0
2018-02-09,0.0
2018-02-10,0.0
2018-02-11,0.0
2018-02-12,0.0
2018-02-13,0.0
2018-02-14,0.0
2018-02-15,0.0
2018-02-16,0.0
2018-02-17,0.0
2018-02-18,0.0
2018-02-19,0.0
2018-02-20,0.0
2018-02-21,0.8
2018-02-22,0.39999999999999997
2018-02-23,0.0
2018-02-24,14.9
2018-02-25,7.449999999999999
2018-02-26,0.0
2018-02-27,1.9
2018-02-28,0.9500000000000001
2018-03-01,0.0
2018-03-02,0.0
2018-03-03,0.0
2018-03-04,0.0
2018-03-05,0.0
2018-03-06,0.9195710455764075
2018-03-07,3.5
2018-03-08,15.3
2018-03-09,4.5
2018-03-10,2.4286317567567566
2018-03-11,1.0337837837837838
2018-03-12,0.24704391891891891
2018-03-13,0.0
2018-03-14,4.3
2018-03-15,2.1500000000000004
2018-03-16,0.0
2018-03-17,4.5
2018-03-18,2.25
2018-03-19,0.0
2018-03-20,0.16869932601895174
2018-03-21,0.68428228770509
2018-03-22,1.5609763605023392
2018-03-23,2.8130090198546247
2018-03-24,4.454607741205869
2018-03-25,6.5
2018-03-26,13.2
2018-03-27,2.0
2018-03-28,13.3
2018-03-29,47.0
2018-03-30,0.5
2018-03-31,0.0
2018-04-01,0.0
2018-04-02,0.0
2018-04-03,0.0
2018-04-04,0.0
2018-04-05,0.0
2018-04-06,1.5
2018-04-07,4.982142857142857
2018-04-08,7.5
2018-04-09,6.203703703703703
2018-04-10,3.7962962962962963
2018-04-11,2.5
2018-04-12,4.0
2018-04-13,4.366379310344827
2018-04-14,4.5
2018-04-15,4.2
2018-04-16,3.9
2018-04-17,27.8
2018-04-18,22.0
2018-04-19,3.4
2018-04-20,12.0
2018-04-21,8.88888888888889
2018-04-22,3.1111111111111107
2018-04-23,0.0
2018-04-24,0.05185185185185185
2018-04-25,0.14814814814814814
2018-04-26,0.2
2018-04-27,0.14814814814814817
2018-04-28,0.05185185185185187
2018-04-29,0.0
2018-04-30,4.15
2018-05-01,8.3
2018-05-02,0.0
2018-05-03,0.0
2018-05-04,0.0
2018-05-05,0.0
2018-05-06,0.0
2018-05-07,0.0
2018-05-08,0.0
2018-05-09,0.0
2018-05-10,0.0
2018-05-11,0.0
2018-05-12,0.0
2018-05-13,0.0
2018-05-14,0.0
2018-05-15,1.348148148148148
2018-05-16,3.8518518518518516
2018-05-17,5.2
2018-05-18,3.5999999999999996
2018-05-19,2.0
2018-05-20,15.6
2018-05-21,9.05
2018-05-22,2.5
2018-05-23,2.96875
2018-05-24,4.0
2018-05-25,6.53125
2018-05-26,8.5
2018-05-27,0.0
2018-05-28,39.0
2018-05-29,59.5
2018-05-30,1.1
2018-05-31,5.2
2018-06-01,47.0
2018-06-02,23.6
2018-06-03,13.5
2018-06-04,0.0
2018-06-05,0.0
2018-06-06,0.0
2018-06-07,0.0
2018-06-08,0.0
2018-06-09,0.0
2018-06-10,0.0
2018-06-11,0.859375
2018-06-12,2.75
2018-06-13,4.640625
2018-06-14,5.5
2018-06-15,1.0
2018-06-16,22.1
2018-06-17,18.959375
2018-06-18,12.05
2018-06-19,5.140625
2018-06-20,2.0
2018-06-21,3.1666666666666665
2018-06-22,5.333333333333334
2018-06-23,6.5
2018-06-24,6.5
2018-06-25,6.5
2018-06-26,6.0
2018-06-27,5.0
2018-06-28,27.4
2018-06-29,11.0
2018-06-30,2.5
2018-07-01,5.7407407407407405
2018-07-02,11.75925925925926
2018-07-03,15.0
2018-07-04,7.8
2018-07-05,1.0
2018-07-06,0.0
2018-07-07,0.0
2018-07-08,0.0
2018-07-09,0.0
2018-07-10,46.0
2018-07-11,40.5
2018-07-12,5.0
2018-07-13,2.035568608255833
2018-07-14,0.46222874857236035
2018-07-15,0.0
2018-07-16,0.0
2018-07-17,0.0
2018-07-18,0.0
2018-07-19,0.0
2018-07-20,0.0
2018-07-21,0.0
2018-07-22,1.5
2018-07-23,0.75
2018-07-24,0.0
2018-07-25,0.06628055644697099
2018-07-26,0.31033889067171977
2018-07-27,0.8
2018-07-28,48.9
2018-07-29,21.0
2018-07-30,2.0
2018-07-31,12.5
2018-08-01,31.4
2018-08-02,2.2
2018-08-03,10.0
2018-08-04,5.0
2018-08-05,0.0
2018-08-06,2.703389830508475
2018-08-07,8.0
2018-08-08,14.8
2018-08-09,24.9
2018-08-10,8.0
2018-08-11,2.263698630136986
2018-08-12,0.0
2018-08-13,0.0
2018-08-14,0.0
2018-08-15,0.0
2018-08-16,0.0
2018-08-17,0.0
2018-08-18,0.0
2018-08-19,0.0
2018-08-20,0.0
2018-08-21,0.0
2018-08-22,6.7407407407407405
2018-08-23,19.25925925925926
2018-08-24,26.0
2018-08-25,19.259259259259263
2018-08-26,6.740740740740742
2018-08-27,0.0
2018-08-28,20.0
2018-08-29,40.0
2018-08-30,22.0
2018-08-31,17.5
2018-09-01,0.0
2018-09-02,7.3
2018-09-03,3.6500000000000004
2018-09-04,0.0
2018-09-05,1.25
2018-09-06,2.5
2018-09-07,0.0
2018-09-08,6.5
2018-09-09,3.25
2018-09-10,0.0
2018-09-11,20.4
2018-09-12,117.8
2018-09-13,0.0
2018-09-14,0.0
2018-09-15,0.0
2018-09-16,0.0
2018-09-17,1.1950304735114863
2018-09-18,3.5011720581340837
2018-09-19,5.0
2018-09-20,5.3
2018-09-21,47.0
2018-09-22,9.5
2018-09-23,0.0
2018-09-24,0.0
2018-09-25,0.0
2018-09-26,15.7
2018-09-27,1.0
2018-09-28,7.5
2018-09-29,4.0
2018-09-30,0.5
2018-10-01,4.0
2018-10-02,11.409356725146198
2018-10-03,20.538011695906434
2018-10-04,25.0
2018-10-05,0.0
2018-10-06,0.0
2018-10-07,0.0
2018-10-08,4.5
2018-10-09,1.0
2018-10-10,2.0
2018-10-11,8.7
2018-10-12,3.5
2018-10-13,1.0
2018-10-14,0.0
2018-10-15,12.5
2018-10-16,1.4
2018-10-17,1.8863735306922074
2018-10-18,3.5
2018-10-19,30.9
2018-10-20,15.700000000000001
2018-10-21,0.5
2018-10-22,1.0
2018-10-23,2.7438527913388246
2018-10-24,6.085303180275247
2018-10-25,10.5
2018-10-26,18.0
2018-10-27,3.5
2018-10-28,0.0
2018-10-29,0.0
2018-10-30,0.0
2018-10-31,5.2
2018-11-01,49.8
2018-11-02,4.3
2018-11-03,13.5
2018-11-04,54.5
2018-11-05,1.5
2018-11-06,0.0
2018-11-07,22.5
2018-11-08,4.5
2018-11-09,0.0
2018-11-10,4.0
2018-11-11,7.2305309734513274
2018-11-12,8.9
2018-11-13,5.5
2018-11-14,3.5
2018-11-15,38.6
2018-11-16,8.6
2018-11-17,9.87037037037037
2018-11-18,12.22962962962963
2018-11-19,13.5
2018-11-20,7.0
2018-11-21,0.5
2018-11-22,6.588434093938683
2018-11-23,18.143534854544036
2018-11-24,25.1
2018-11-25,26.175511644318984
2018-11-26,26.6
2018-11-27,3.5
2018-11-28,6.066666666666667
2018-11-29,10.833333333333336
2018-11-30,13.4
2018-12-01,9.4
2018-12-02,11.4
2018-12-03,2.0
2018-12-04,1.236284289276808
2018-12-05,1.0
2018-12-06,2.0
2018-12-07,10.6
2018-12-08,1.5
2018-12-09,3.5
2018-12-10,0.5
2018-12-11,11.0
2018-12-12,7.9
2018-12-13,22.8
2018-12-14,6.0
2018-12-15,25.5
2018-12-16,14.0
2018-12-17,0.5
2018-12-18,0.0
2018-12-19,17.0
2018-12-20,8.5
2018-12-21,14.5
2018-12-22,8.6
2018-12-23,2.0
2018-12-24,0.0
2018-12-25,1.75
2018-12-26,3.5
2018-12-27,0.2
2018-12-28,15.8
2018-12-29,9.0
2018-12-30,17.0
2018-12-31,0.6
2019-01-01,2.6
2019-01-02,1.5
2019-01-03,8.5
2019-01-04,1.0
2019-01-05,0.0
2019-01-06,0.0
2019-01-07,0.0
2019-01-08,9.5
2019-01-09,1.5
2019-01-10,0.0
2019-01-11,0.0
2019-01-12,0.0
2019-01-13,0.0
2019-01-14,0.0
2019-01-15,3.6
2019-01-16,6.3
2019-01-17,11.302358490566037
2019-01-18,14.7
2019-01-19,10.942080800858061
2019-01-20,5.8
2019-01-21,3.0659304281041853
2019-01-22,0.8885207696076481
2019-01-23,0.0
2019-01-24,0.8
2019-01-25,0.39999999999999997
2019-01-26,0.0
2019-01-27,0.5
2019-01-28,1.0
2019-01-29,1.0
2019-01-30,1.0
2019-01-31,1.25
2019-02-01,1.5
2019-02-02,0.0
2019-02-03,0.0
2019-02-04,0.0
2019-02-05,0.0
2019-02-06,0.0
2019-02-07,0.0
2019-02-08,1.5
2019-02-09,0.75
2019-02-10,0.0
2019-02-11,2.3266759776536317
2019-02-12,5.4
2019-02-13,6.5
2019-02-14,3.25
2019-02-15,0.0
2019-02-16,0.0
2019-02-17,0.0
2019-02-18,0.0
2019-02-19,0.0
2019-02-20,0.0
2019-02-21,0.0
2019-02-22,0.0
2019-02-23,0.0
2019-02-24,0.0
2019-02-25,0.5
2019-02-26,0.3703703703703704
2019-02-27,0.12962962962962965
2019-02-28,0.0
2019-03-01,0.0
2019-03-02,0.0
2019-03-03,0.0
2019-03-04,0.0
2019-03-05,0.0
2019-03-06,0.0
2019-03-07,0.0
2019-03-08,0.0
2019-03-09,0.0
2019-03-10,0.0
2019-03-11,0.0
2019-03-12,0.0
2019-03-13,0.0
2019-03-14,0.0
2019-03-15,0.0
2019-03-16,0.0
2019-03-17,0.0
2019-03-18,0.0
2019-03-19,0.0
2019-03-20,0.0
2019-03-21,0.0
2019-03-22,0.0
2019-03-23,0.0
2019-03-24,0.0
2019-03-25,0.0
2019-03-26,0.0
2019-03-27,0.0
2019-03-28,2.8
2019-03-29,1.4000000000000001
2019-03-30,0.0
2019-03-31,0.9452554744525546
2019-04-01,3.5
2019-04-02,13.3
2019-04-03,0.0
2019-04-04,0.0
2019-04-05,0.0
2019-04-06,0.0
2019-04-07,0.0
2019-04-08,0.0
2019-04-09,0.0
2019-04-10,0.0
2019-04-11,0.0
2019-04-12,0.0
2019-04-13,0.0
2019-04-14,0.0
2019-04-15,0.0
2019-04-16,0.0
2019-04-17,0.0
2019-04-18,0.0
2019-04-19,0.0
2019-04-20,1.0
2019-04-21,0.5
2019-04-22,0.0
2019-04-23,0.0
2019-04-24,0.8
2019-04-25,0.0
2019-04-26,25.8
2019-04-27,1.5
2019-04-28,9.4
2019-04-29,24.1
2019-04-30,15.600000000000001
2019-05-01,7.1
2019-05-02,14.5
2019-05-03,7.25
2019-05-04,0.0
2019-05-05,0.6481481481481481
2019-05-06,1.8518518518518519
2019-05-07,2.5
2019-05-08,1.25
2019-05-09,0.0
2019-05-10,0.0
2019-05-11,0.5
2019-05-12,1.0
2019-05-13,0.7407407407407408
2019-05-14,0.2592592592592593
2019-05-15,0.0
2019-05-16,0.0
2019-05-17,53.0
2019-05-18,12.6
2019-05-19,19.5
2019-05-20,31.2
2019-05-21,8.5
2019-05-22,0.0
2019-05-23,2.0
2019-05-24,0.0
2019-05-25,5.0
2019-05-26,4.743243243243244
2019-05-27,4.0
2019-05-28,0.0
2019-05-29,2.25
2019-05-30,4.5
2019-05-31,0.0
2019-06-01,0.5875
2019-06-02,2.4
2019-06-03,17.1
2019-06-04,6.0
2019-06-05,7.4
2019-06-06,2.0
2019-06-07,0.5
2019-06-08,8.5
2019-06-09,1.2
2019-06-10,13.600000000000001
2019-06-11,26.0
2019-06-12,0.0
2019-06-13,38.0
2019-06-14,26.271776315789474
2019-06-15,10.7
2019-06-16,3.4282236842105265
2019-06-17,0.0
2019-06-18,43.7
2019-06-19,4.0
2019-06-20,3.5
2019-06-21,23.5
2019-06-22,26.5
2019-06-23,41.0
2019-06-24,3.8
2019-06-25,0.8953885028427035
2019-06-26,0.0
2019-06-27,0.0
2019-06-28,0.0
2019-06-29,0.0
2019-06-30,0.0
2019-07-01,0.0
2019-07-02,0.0
2019-07-03,0.0
2019-07-04,0.0
2019-07-05,0.0
2019-07-06,0.0
2019-07-07,0.0
2019-07-08,0.0
2019-07-09,0.0
2019-07-10,3.1
2019-07-11,0.0
2019-07-12,0.0
2019-07-13,0.0
2019-07-14,0.0
2019-07-15,1.0
2019-07-16,6.0
2019-07-17,0.0
2019-07-18,0.0
2019-07-19,0.0
2019-07-20,0.0
2019-07-21,1.6705882352941177
2019-07-22,5.741176470588235
2019-07-23,10.8
2019-07-24,18.0
2019-07-25,11.0
2019-07-26,3.0
2019-07-27,3.5
2019-07-28,0.5
2019-07-29,0.0
2019-07-30,0.0
2019-07-31,0.0
2019-07-01,0.0
2019-07-02,0.0
2019-07-03,0.0
2019-07-04,0.0
2019-07-05,0.0
2019-07-06,0.0
2019-07-07,0.0
2019-07-08,0.0
2019-07-09,0.0
2019-07-10,3.1
2019-07-11,0.0
2019-07-12,0.0
2019-07-13,0.0
2019-07-14,0.0
2019-07-15,1.0
2019-07-16,6.0
2019-07-17,0.0
2019-07-18,0.0
2019-07-19,0.0
2019-07-20,0.0
2019-07-21,1.6705882352941177
2019-07-22,5.741176470588235
2019-07-23,10.8
2019-07-24,18.0
2019-07-25,11.0
2019-07-26,3.0
2019-07-27,3.5
2019-07-28,0.5
2019-07-29,0.0
2019-07-30,0.0
2019-07-31,0.0
2019-10-01,0.0
2019-10-02,0.1
2019-10-03,6.3
2019-10-04,0.0
2019-10-05,33.5
2019-10-06,0.0
2019-10-07,0.8
2019-10-08,8.8
2019-10-09,0.0
2019-10-10,0.104
2019-10-11,0.352
2019-10-12,0.6480000000000001
2019-10-13,0.8959999999999999
2019-10-14,1.0
2019-10-15,0.0
2019-10-16,1.5
2019-10-17,1.5
2019-10-18,18.0
2019-10-19,8.5
2019-10-20,0.0
2019-10-21,14.0
2019-10-22,11.3
2019-10-23,11.9
2019-10-24,0.0
2019-10-25,0.5
2019-10-26,0.5
2019-10-27,0.0
2019-10-28,10.0
2019-10-29,0.0
2019-10-30,0.0
2019-10-31,53.2
2019-11-01,0.5
2019-11-02,40.6
2019-11-03,8.0
2019-11-04,8.5
2019-11-05,7.5
2019-11-06,2.0
2019-11-07,1.0
2019-11-08,0.5
2019-11-09,0.8
2019-11-10,0.0
2019-11-11,0.0
2019-11-12,0.0
2019-11-13,0.0
2019-11-14,17.0
2019-11-15,9.40909090909091
2019-11-16,1.0
2019-11-17,0.0
2019-11-18,21.199999999999996
2019-11-19,42.4
2019-11-20,1.5
2019-11-21,8.778169014084508
2019-11-22,21.0
2019-11-23,31.0
2019-11-24,15.5
2019-11-25,0.0
2019-11-26,11.2
2019-11-27,5.6000000000000005
2019-11-28,0.0
2019-11-29,0.0
2019-11-30,18.5
2019-12-01,0.0
2019-12-02,11.1
2019-12-03,19.3
2019-12-04,0.0
2019-12-05,0.0
2019-12-06,13.5
2019-12-07,2.0
2019-12-08,1.1
2019-12-09,95.7
2019-12-10,16.5
2019-12-11,18.2
2019-12-12,23.4
2019-12-13,52.8
2019-12-14,2.5
2019-12-15,1.0
2019-12-16,2.2
2019-12-17,0.0
2019-12-18,5.599999999999999
2019-12-19,11.2
2019-12-20,2.5
2019-12-21,6.0
2019-12-22,0.0
2019-12-23,0.0
2019-12-24,5.5
2019-12-25,0.0
2019-12-26,0.0
2019-12-27,0.0
2019-12-28,0.7
2019-12-29,0.0
2019-12-30,0.0
2019-12-31,0.0
2020-01-01,0.0
2020-01-02,0.0
2020-01-03,1.3
2020-01-04,1.3
2020-01-05,1.15
2020-01-06,1.0
2020-01-07,73.7
2020-01-08,4.3
2020-01-09,2.1318692902319043
2020-01-10,1.5
2020-01-11,9.8
2020-01-12,18.1
2020-01-13,0.0
2020-01-14,9.6
2020-01-15,40.1
2020-01-16,0.0
2020-01-17,14.1
2020-01-18,0.0
2020-01-19,0.0
2020-01-20,1.0
2020-01-21,0.2
2020-01-22,0.0
2020-01-23,0.0
2020-01-24,0.0
2020-01-25,0.0
2020-01-26,0.0
2020-01-27,0.0
2020-01-28,0.0
2020-01-29,0.0
2020-01-30,0.0
2020-01-31,0.0
2020-02-01,0.0
2020-02-02,0.0
2020-02-03,0.0
2020-02-04,0.0
2020-02-05,0.0
2020-02-06,0.0
2020-02-07,0.3
2020-02-08,0.0
2020-02-09,8.1
2020-02-10,1.2
2020-02-11,8.1
2020-02-12,0.0
2020-02-13,0.0
2020-02-14,0.0
2020-02-15,0.0
2020-02-16,0.0
2020-02-17,10.4
2020-02-18,13.6
2020-02-19,0.8
2020-02-20,3.0
2020-02-21,1.5
2020-02-22,0.3
2020-02-23,0.4
2020-02-24,0.5
2020-02-25,0.25
2020-02-26,0.0
2020-02-27,0.0
2020-02-28,0.0
2020-02-29,0.0
2020-03-01,0.0
2020-03-02,0.0
2020-03-03,0.0
2020-03-04,0.8
2020-03-05,6.5
2020-03-06,14.6
2020-03-07,0.0
2020-03-08,0.0
2020-03-09,0.0
2020-03-10,0.0
2020-03-11,0.0
2020-03-12,0.0
2020-03-13,2.4
2020-03-14,0.0
2020-03-15,2.4
2020-03-16,0.0
2020-03-17,0.0
2020-03-18,0.0
2020-03-19,0.0
2020-03-20,0.0
2020-03-21,0.0
2020-03-22,0.0
2020-03-23,0.0
2020-03-24,0.0
2020-03-25,0.0
2020-03-26,0.0
2020-03-27,0.0
2020-03-28,0.0
2020-03-29,0.0
2020-03-30,0.0
2020-03-31,0.0
2020-04-01,0.0
2020-04-02,0.0
2020-04-03,0.0
2020-04-04,0.0
2020-04-05,0.0
2020-04-06,5.6
2020-04-07,0.0
2020-04-08,0.0
2020-04-09,0.0
2020-04-10,0.0
2020-04-11,12.0
2020-04-12,0.0
2020-04-13,0.0
2020-04-14,4.75
2020-04-15,9.5
2020-04-16,0.0
2020-04-17,0.0
2020-04-18,0.0
2020-04-19,0.0
2020-04-20,0.0
2020-04-21,0.0
2020-04-22,0.0
2020-04-23,0.0
2020-04-24,0.3
2020-04-25,2.3
2020-04-26,0.0
2020-04-27,0.0
2020-04-28,20.0
2020-04-29,24.5
2020-04-30,13.611220472440944
2020-05-01,1.5
2020-05-02,0.0
2020-05-03,5.2
2020-05-04,0.0
2020-05-05,0.0
2020-05-06,0.0
2020-05-07,43.8
2020-05-08,0.0
2020-05-09,1.0
2020-05-10,4.0
2020-05-11,0.0
2020-05-12,0.0
2020-05-13,20.5
2020-05-14,1.2
2020-05-15,0.0
2020-05-16,0.0
2020-05-17,0.0
2020-05-18,0.0
2020-05-19,0.0
2020-05-20,0.0
2020-05-21,0.0
2020-05-22,0.1
2020-05-23,0.0
2020-05-24,4.7
2020-05-25,12.0
2020-05-26,14.1
2020-05-27,30.5
2020-05-28,9.8
2020-05-29,0.0
2020-05-30,0.0
2020-05-31,0.0
2020-06-01,0.0
2020-06-02,23.2
2020-06-03,16.5
2020-06-04,0.0
2020-06-05,0.0
2020-06-06,3.2
2020-06-07,0.5
2020-06-08,1.0
2020-06-09,23.4
2020-06-10,20.8
2020-06-11,20.3
2020-06-12,6.0
2020-06-13,47.0
2020-06-14,16.8
2020-06-15,0.5
2020-06-16,10.0
2020-06-17,28.0
2020-06-18,7.5
2020-06-19,9.9
2020-06-20,5.0
2020-06-21,0.0
2020-06-22,14.9
2020-06-23,0.9
2020-06-24,53.6
2020-06-25,33.1
2020-06-26,2.5
2020-06-27,7.0
2020-06-28,8.372802197802198
2020-06-29,8.9
2020-06-30,2.0
2020-07-01,33.5
2020-07-02,0.0
2020-07-03,1.0
2020-07-04,4.3
2020-07-05,0.0
2020-07-06,1.5
2020-07-07,0.0
2020-07-08,0.0
2020-07-09,4.7
2020-07-10,25.5
2020-07-11,62.1
2020-07-12,4.1
2020-07-13,0.0
2020-07-14,24.0
2020-07-15,48.6
2020-07-16,0.0
2020-07-17,0.0
2020-07-18,2.7999999999999994
2020-07-19,5.6
2020-07-20,3.07378892733564
2020-07-21,0.3
2020-07-22,0.0
2020-07-23,0.2
2020-07-24,35.6
2020-07-25,4.6
2020-07-26,0.0
2020-07-27,0.0
2020-07-28,0.0
2020-07-29,0.7
2020-07-30,35.5
2020-07-31,21.5
2020-08-01,0.1
2020-08-02,0.0
2020-08-03,0.0
2020-08-04,2.6
2020-08-05,13.4
2020-08-06,3.3
2020-08-07,11.4
2020-08-08,0.0
2020-08-09,0.0
2020-08-10,0.0
2020-08-11,0.0
2020-08-12,0.0
2020-08-13,0.1
2020-08-14,22.7
2020-08-15,11.1
2020-08-16,0.0
2020-08-17,1.8
2020-08-18,23.8
2020-08-19,29.0
2020-08-20,7.7
2020-08-21,2.0834968884633795
2020-08-22,0.0
2020-08-23,1.0
2020-08-24,7.3
2020-08-25,0.1
2020-08-26,0.0
2020-08-27,0.1
2020-08-28,0.0
2020-08-29,0.0
2020-08-30,0.4
2020-08-31,0.0
2020-09-01,0.0
2020-09-02,0.0
2020-09-03,0.0
2020-09-04,2.0
2020-09-05,2.5
2020-09-06,2.8
2020-09-07,62.7
2020-09-08,27.0
2020-09-09,0.0
2020-09-10,1.3
2020-09-11,3.5
2020-09-12,47.6
2020-09-13,16.3
2020-09-14,11.2
2020-09-15,11.463848396501458
2020-09-16,12.20262390670554
2020-09-17,13.337172011661806
2020-09-18,14.788338192419825
2020-09-19,16.476967930029154
2020-09-20,18.32390670553936
2020-09-21,20.25
2020-09-22,22.176093294460642
2020-09-23,24.02303206997085
2020-09-24,25.71166180758017
2020-09-25,27.162827988338197
2020-09-26,28.297376093294464
2020-09-27,29.036151603498546
2020-09-28,29.3
2020-09-29,0.0
2020-09-30,1.9
2020-10-01,0.0
2020-10-02,0.8
2020-10-03,0.0
2020-10-04,8.4
2020-10-05,8.2
2020-10-06,11.0
2020-10-07,0.0
2020-10-08,0.1
2020-10-09,0.0
2020-10-10,2.7
2020-10-11,15.8
2020-10-12,9.7
2020-10-13,2.1
2020-10-14,6.2
2020-10-15,3.0
2020-10-16,47.4
2020-10-17,0.0
2020-10-18,0.0
2020-10-19,0.0
2020-10-20,25.9
2020-10-21,4.0
2020-10-22,33.2
2020-10-23,13.6
2020-10-24,22.7
2020-10-25,1.0
2020-10-26,0.0
2020-10-27,12.1
2020-10-28,0.0
2020-10-29,0.0
2020-10-30,3.0
2020-10-31,0.0
2020-11-01,0.0
2020-11-02,31.3
2020-11-03,0.0
2020-11-04,0.9
2020-11-05,3.0
2020-11-06,1.0
2020-11-07,0.0
2020-11-08,21.5
2020-11-09,21.1
2020-11-10,17.3
2020-11-11,8.403134933804624
2020-11-12,1.1
2020-11-13,0.0
2020-11-14,0.8
2020-11-15,3.2
2020-11-16,1.3
2020-11-17,17.0
2020-11-18,11.5
2020-11-19,0.0
2020-11-20,2.5
2020-11-21,3.5
2020-11-22,18.2
2020-11-23,4.5
2020-11-24,13.2
2020-11-25,21.4
2020-11-26,51.6
2020-11-27,191.4
2020-11-28,34.2
2020-11-29,2.0
2020-11-30,1.8
2020-12-01,1.8
2020-12-02,13.6
2020-12-03,10.0
2020-12-04,1.4
2020-12-05,126.7
2020-12-06,11.6
2020-12-07,13.25
2020-12-08,14.9
2020-12-09,2.3
2020-12-10,0.0
2020-12-11,0.04905660377358491
2020-12-12,0.2
2020-12-13,1.4
2020-12-14,0.0
2020-12-15,0.0
2020-12-16,0.9891791044776119
2020-12-17,2.2
2020-12-18,2.5
2020-12-19,13.6
2020-12-20,4.4
2020-12-21,1.0
2020-12-22,0.8
2020-12-23,0.0
2020-12-24,0.0
2020-12-25,0.0
2020-12-26,0.45000000000000007
2020-12-27,0.9
2020-12-28,0.0
2020-12-29,0.0
2020-12-30,0.0
2020-12-31,1.2
